old_path,new_path,old_filename,new_filename,change_type
2026/1.png,png/unknown-date-6218b259.png,1.png,unknown-date-6218b259.png,moved+renamed
2026/1636404221559.png,png/unknown-date-61350cab.png,1636404221559.png,unknown-date-61350cab.png,moved+renamed
2026/1757900256205255.jpg,jpg/unknown-date-dd0181cc.jpg,1757900256205255.jpg,unknown-date-dd0181cc.jpg,moved+renamed
2026/2.png,png/unknown-date-f1409ca7.png,2.png,unknown-date-f1409ca7.png,moved+renamed
2026/221l6f22.png,png/unknown-date-46b609b1.png,221l6f22.png,unknown-date-46b609b1.png,moved+renamed
2026/2918.png,png/unknown-date-ede02a8b.png,2918.png,unknown-date-ede02a8b.png,moved+renamed
2026/3.png,png/unknown-date-fa3a2bea.png,3.png,unknown-date-fa3a2bea.png,moved+renamed
2026/4.png,png/unknown-date-6afda8e2.png,4.png,unknown-date-6afda8e2.png,moved+renamed
2026/5.png,png/unknown-date-8d69d9f5.png,5.png,unknown-date-8d69d9f5.png,moved+renamed
2026/5A.gif,gif/5A.gif,5A.gif,5A.gif,moved
2026/8.png,png/unknown-date-d53df783.png,8.png,unknown-date-d53df783.png,moved+renamed
2026/99ed8.jpg,jpg/unknown-date-8e9a5c1e.jpg,99ed8.jpg,unknown-date-8e9a5c1e.jpg,moved+renamed
2026/BRAWLNME.png,png/BRAWLNME.png,BRAWLNME.png,BRAWLNME.png,moved
2026/CAM.png,png/CAM.png,CAM.png,CAM.png,moved
2026/ChAM.png,png/ChAM.png,ChAM.png,ChAM.png,moved
2026/DEWALT.png,png/DEWALT.png,DEWALT.png,DEWALT.png,moved
2026/DG.png,png/DG.png,DG.png,DG.png,moved
2026/DG2.png,png/DG2.png,DG2.png,DG2.png,moved
2026/EYESNOFACE.gif,gif/EYESNOFACE.gif,EYESNOFACE.gif,EYESNOFACE.gif,moved
2026/GRAVE.png,png/GRAVE.png,GRAVE.png,GRAVE.png,moved
2026/GREYS.gif,gif/GREYS.gif,GREYS.gif,GREYS.gif,moved
2026/HAPPIESTTIMEOF.png,png/HAPPIESTTIMEOF.png,HAPPIESTTIMEOF.png,HAPPIESTTIMEOF.png,moved
2026/MT.gif,gif/MT.gif,MT.gif,MT.gif,moved
2026/NM2.gif,gif/NM2.gif,NM2.gif,NM2.gif,moved
2026/NMX1.gif,gif/NMX1.gif,NMX1.gif,NMX1.gif,moved
2026/NMX10.gif,gif/NMX10.gif,NMX10.gif,NMX10.gif,moved
2026/NMX12.gif,gif/NMX12.gif,NMX12.gif,NMX12.gif,moved
2026/NMX17.gif,gif/NMX17.gif,NMX17.gif,NMX17.gif,moved
2026/NMX18.gif,gif/NMX18.gif,NMX18.gif,NMX18.gif,moved
2026/NMX19.gif,gif/NMX19.gif,NMX19.gif,NMX19.gif,moved
2026/NMX20.gif,gif/NMX20.gif,NMX20.gif,NMX20.gif,moved
2026/NMX22.gif,gif/NMX22.gif,NMX22.gif,NMX22.gif,moved
2026/NMX24.gif,gif/NMX24.gif,NMX24.gif,NMX24.gif,moved
2026/NMX25.gif,gif/NMX25.gif,NMX25.gif,NMX25.gif,moved
2026/NMX5.gif,gif/NMX5.gif,NMX5.gif,NMX5.gif,moved
2026/NMX8.gif,gif/NMX8.gif,NMX8.gif,NMX8.gif,moved
2026/NOLOVE03.gif,gif/NOLOVE03.gif,NOLOVE03.gif,NOLOVE03.gif,moved
2026/NOLOVE05.gif,gif/NOLOVE05.gif,NOLOVE05.gif,NOLOVE05.gif,moved
2026/NOLOVE06.gif,gif/NOLOVE06.gif,NOLOVE06.gif,NOLOVE06.gif,moved
2026/NOLOVE08.gif,gif/NOLOVE08.gif,NOLOVE08.gif,NOLOVE08.gif,moved
2026/NOLOVE12.gif,gif/NOLOVE12.gif,NOLOVE12.gif,NOLOVE12.gif,moved
2026/OIP.jpg,jpg/OIP.jpg,OIP.jpg,OIP.jpg,moved
2026/buttons/2133.png,png/unknown-date-1b83ea6c.png,2133.png,unknown-date-1b83ea6c.png,moved+renamed
2026/buttons/222.gif,gif/unknown-date-782d2f20.gif,222.gif,unknown-date-782d2f20.gif,moved+renamed
2026/buttons/CHAINCODERPRIME.gif,gif/CHAINCODERPRIME.gif,CHAINCODERPRIME.gif,CHAINCODERPRIME.gif,moved
2026/buttons/LIZARDLOVING.gif,gif/LIZARDLOVING.gif,LIZARDLOVING.gif,LIZARDLOVING.gif,moved
2026/buttons/NMX28.jpg,jpg/NMX28.jpg,NMX28.jpg,NMX28.jpg,moved
2026/buttons/NMX33.jpg,jpg/NMX33.jpg,NMX33.jpg,NMX33.jpg,moved
2026/buttons/NMX34.jpg,jpg/NMX34.jpg,NMX34.jpg,NMX34.jpg,moved
2026/buttons/NMX35.jpg,jpg/NMX35.jpg,NMX35.jpg,NMX35.jpg,moved
2026/buttons/NMX36.jpg,jpg/NMX36.jpg,NMX36.jpg,NMX36.jpg,moved
2026/buttons/NMX37.jpg,jpg/NMX37.jpg,NMX37.jpg,NMX37.jpg,moved
2026/buttons/NMX38.jpg,jpg/NMX38.jpg,NMX38.jpg,NMX38.jpg,moved
2026/buttons/NMX39.jpg,jpg/NMX39.jpg,NMX39.jpg,NMX39.jpg,moved
2026/buttons/NMX40.jpg,jpg/NMX40.jpg,NMX40.jpg,NMX40.jpg,moved
2026/buttons/NMX41.jpg,jpg/NMX41.jpg,NMX41.jpg,NMX41.jpg,moved
2026/buttons/NMX42.jpg,jpg/NMX42.jpg,NMX42.jpg,NMX42.jpg,moved
2026/buttons/NMX43.jpg,jpg/NMX43.jpg,NMX43.jpg,NMX43.jpg,moved
2026/buttons/NMX44.jpg,jpg/NMX44.jpg,NMX44.jpg,NMX44.jpg,moved
2026/buttons/NMX45.jpg,jpg/NMX45.jpg,NMX45.jpg,NMX45.jpg,moved
2026/buttons/NMX46.jpg,jpg/NMX46.jpg,NMX46.jpg,NMX46.jpg,moved
2026/buttons/NMX47.jpg,jpg/NMX47.jpg,NMX47.jpg,NMX47.jpg,moved
2026/buttons/NMX48.jpg,jpg/NMX48.jpg,NMX48.jpg,NMX48.jpg,moved
2026/buttons/NMX49.jpg,jpg/NMX49.jpg,NMX49.jpg,NMX49.jpg,moved
2026/buttons/NMX50.jpg,jpg/NMX50.jpg,NMX50.jpg,NMX50.jpg,moved
2026/buttons/NMX51.png,png/NMX51.png,NMX51.png,NMX51.png,moved
2026/buttons/NOLOVE4.gif,gif/NOLOVE4.gif,NOLOVE4.gif,NOLOVE4.gif,moved
2026/buttons/NOLOVE5.gif,gif/NOLOVE5.gif,NOLOVE5.gif,NOLOVE5.gif,moved
2026/buttons/NOLOVE6.gif,gif/NOLOVE6.gif,NOLOVE6.gif,NOLOVE6.gif,moved
2026/buttons/NOLOVE7.gif,gif/NOLOVE7.gif,NOLOVE7.gif,NOLOVE7.gif,moved
2026/buttons/NOLOVEAPL.gif,gif/NOLOVEAPL.gif,NOLOVEAPL.gif,NOLOVEAPL.gif,moved
2026/buttons/NOLOVERED.gif,gif/NOLOVERED.gif,NOLOVERED.gif,NOLOVERED.gif,moved
2026/buttons/NOLOVESOPHIST.gif,gif/NOLOVESOPHIST.gif,NOLOVESOPHIST.gif,NOLOVESOPHIST.gif,moved
2026/buttons/VIVEC.gif,gif/VIVEC.gif,VIVEC.gif,VIVEC.gif,moved
2026/buttons/VOIDRANE.gif,gif/VOIDRANE.gif,VOIDRANE.gif,VOIDRANE.gif,moved
2026/buttons/Y2K_CYBER.gif,gif/Y2K_CYBER.gif,Y2K_CYBER.gif,Y2K_CYBER.gif,moved
2026/buttons/coexist.png,png/coexist.png,coexist.png,coexist.png,moved
2026/buttons/download.png,png/download.png,download.png,download.png,moved
2026/buttons/elriel2.gif,gif/elriel2.gif,elriel2.gif,elriel2.gif,moved
2026/buttons/isl.png,png/isl.png,isl.png,isl.png,moved
2026/buttons/nolove1.png,png/nolove1.png,nolove1.png,nolove1.png,moved
2026/buttons/numbpill.gif,gif/numbpill.gif,numbpill.gif,numbpill.gif,moved
2026/buttons/serowuel.gif,gif/serowuel.gif,serowuel.gif,serowuel.gif,moved
2026/buttons/splic.gif,gif/splic.gif,splic.gif,splic.gif,moved
2026/buttons/threadlurker.gif,gif/threadlurker.gif,threadlurker.gif,threadlurker.gif,moved
2026/buttons/whitetrashg.gif,gif/whitetrashg.gif,whitetrashg.gif,whitetrashg.gif,moved
2026/c39ube.png,png/unknown-date-940d929a.png,c39ube.png,unknown-date-940d929a.png,moved+renamed
2026/dd192f.jpg,jpg/unknown-date-3ffdeb7a.jpg,dd192f.jpg,unknown-date-3ffdeb7a.jpg,moved+renamed
2026/ddreamer.jpg,jpg/ddreamer.jpg,ddreamer.jpg,ddreamer.jpg,moved
2026/ddreamer.png,png/ddreamer.png,ddreamer.png,ddreamer.png,moved
2026/gek.png,png/gek.png,gek.png,gek.png,moved
2026/growl1.png,png/growl1.png,growl1.png,growl1.png,moved
2026/growl10.png,png/growl10.png,growl10.png,growl10.png,moved
2026/growl11.png,png/growl11.png,growl11.png,growl11.png,moved
2026/growl12.png,png/growl12.png,growl12.png,growl12.png,moved
2026/growl13.png,png/growl13.png,growl13.png,growl13.png,moved
2026/growl14.png,png/growl14.png,growl14.png,growl14.png,moved
2026/growl15.png,png/growl15.png,growl15.png,growl15.png,moved
2026/growl16.png,png/growl16.png,growl16.png,growl16.png,moved
2026/growl2.png,png/growl2.png,growl2.png,growl2.png,moved
2026/growl3.png,png/growl3.png,growl3.png,growl3.png,moved
2026/growl4.png,png/growl4.png,growl4.png,growl4.png,moved
2026/growl5.png,png/growl5.png,growl5.png,growl5.png,moved
2026/growl6.png,png/growl6.png,growl6.png,growl6.png,moved
2026/growl7.png,png/growl7.png,growl7.png,growl7.png,moved
2026/growl8.png,png/growl8.png,growl8.png,growl8.png,moved
2026/growl9.png,png/growl9.png,growl9.png,growl9.png,moved
2026/huhu.jpeg,jpg/huhu.jpeg,huhu.jpeg,huhu.jpeg,moved
2026/meme.jpeg,jpg/meme.jpeg,meme.jpeg,meme.jpeg,moved
2026/nal.gif,gif/nal.gif,nal.gif,nal.gif,moved
2026/nm1.jpeg,jpg/nm1.jpeg,nm1.jpeg,nm1.jpeg,moved
2026/nm2.jpeg,jpg/nm2.jpeg,nm2.jpeg,nm2.jpeg,moved
2026/nm3.jpeg,jpg/nm3.jpeg,nm3.jpeg,nm3.jpeg,moved
2026/nm4.jpeg,jpg/nm4.jpeg,nm4.jpeg,nm4.jpeg,moved
2026/nm5.jpeg,jpg/nm5.jpeg,nm5.jpeg,nm5.jpeg,moved
2026/nm6.jpeg,jpg/nm6.jpeg,nm6.jpeg,nm6.jpeg,moved
2026/nm7.jpeg,jpg/nm7.jpeg,nm7.jpeg,nm7.jpeg,moved
2026/nm8.jpeg,jpg/nm8.jpeg,nm8.jpeg,nm8.jpeg,moved
2026/nm9.jpeg,jpg/nm9.jpeg,nm9.jpeg,nm9.jpeg,moved
2026/winpotv3.png,png/winpotv3.png,winpotv3.png,winpotv3.png,moved
252.gif,gif/unknown-date-177aaa59.gif,252.gif,unknown-date-177aaa59.gif,moved+renamed
47.gif,gif/unknown-date-58f40533.gif,47.gif,unknown-date-58f40533.gif,moved+renamed
about.html,html/about.html,about.html,about.html,moved
badterminal.html,html/badterminal.html,badterminal.html,badterminal.html,moved
blobz.gif,gif/blobz.gif,blobz.gif,blobz.gif,moved
buttons/DEC.png,png/DEC.png,DEC.png,DEC.png,moved
buttons/SUFFERBETTER.png,png/SUFFERBETTER.png,SUFFERBETTER.png,SUFFERBETTER.png,moved
buttons/maina.png,png/maina.png,maina.png,maina.png,moved
da6.gif,gif/da6.gif,da6.gif,da6.gif,moved
diary-functions.js,js/diary-functions.js,diary-functions.js,diary-functions.js,moved
diary.html,html/diary.html,diary.html,diary.html,moved
dusty.gif,gif/dusty.gif,dusty.gif,dusty.gif,moved
falling.gif,gif/falling.gif,falling.gif,falling.gif,moved
floww.gif,gif/floww.gif,floww.gif,floww.gif,moved
g1.jpg,jpg/unknown-date-a267e9e3.jpg,g1.jpg,unknown-date-a267e9e3.jpg,moved+renamed
gallery.html,html/gallery.html,gallery.html,gallery.html,moved
hack1.gif,gif/hack1.gif,hack1.gif,hack1.gif,moved
images/01a.gif,gif/unknown-date-654f61b9.gif,01a.gif,unknown-date-654f61b9.gif,moved+renamed
images/12Are.gif,gif/unknown-date-717a46d0.gif,12Are.gif,unknown-date-717a46d0.gif,moved+renamed
images/167e.gif,gif/unknown-date-50b8fa38.gif,167e.gif,unknown-date-50b8fa38.gif,moved+renamed
images/2133me.png,png/unknown-date-878770ea.png,2133me.png,unknown-date-878770ea.png,moved+renamed
images/25.png,png/unknown-date-1749c1b4.png,25.png,unknown-date-1749c1b4.png,moved+renamed
images/252.gif,gif/unknown-date-c54bbde2.gif,252.gif,unknown-date-c54bbde2.gif,moved+renamed
images/2e0.gif,gif/unknown-date-31382b22.gif,2e0.gif,unknown-date-31382b22.gif,moved+renamed
images/3.gif,gif/unknown-date-1675a670.gif,3.gif,unknown-date-1675a670.gif,moved+renamed
images/31.gif,gif/unknown-date-8500f3e5.gif,31.gif,unknown-date-8500f3e5.gif,moved+renamed
images/32.png,png/unknown-date-2bf76a4f.png,32.png,unknown-date-2bf76a4f.png,moved+renamed
images/3351.gif,gif/unknown-date-fb71e710.gif,3351.gif,unknown-date-fb71e710.gif,moved+renamed
images/45.png,png/unknown-date-6e20a844.png,45.png,unknown-date-6e20a844.png,moved+renamed
images/47.gif,gif/unknown-date-86439fa7.gif,47.gif,unknown-date-86439fa7.gif,moved+renamed
images/5e1.png,png/unknown-date-f34306b6.png,5e1.png,unknown-date-f34306b6.png,moved+renamed
images/66c.gif,gif/unknown-date-b6f7e1f5.gif,66c.gif,unknown-date-b6f7e1f5.gif,moved+renamed
images/69.png,png/unknown-date-6cb50d4f.png,69.png,unknown-date-6cb50d4f.png,moved+renamed
images/7.png,png/unknown-date-5160ff9b.png,7.png,unknown-date-5160ff9b.png,moved+renamed
images/844f.gif,gif/unknown-date-d4d850de.gif,844f.gif,unknown-date-d4d850de.gif,moved+renamed
images/851.gif,gif/unknown-date-f4c3c420.gif,851.gif,unknown-date-f4c3c420.gif,moved+renamed
images/999.gif,gif/unknown-date-c4b52368.gif,999.gif,unknown-date-c4b52368.gif,moved+renamed
images/OIP.jpeg,jpg/OIP.jpeg,OIP.jpeg,OIP.jpeg,moved
images/Sbanner.gif,gif/Sbanner.gif,Sbanner.gif,Sbanner.gif,moved
images/alien22.gif,gif/alien22.gif,alien22.gif,alien22.gif,moved
images/an5.gif,gif/an5.gif,an5.gif,an5.gif,moved
images/ano.gif,gif/ano.gif,ano.gif,ano.gif,moved
images/awat.gif,gif/awat.gif,awat.gif,awat.gif,moved
images/bee9.gif,gif/bee9.gif,bee9.gif,bee9.gif,moved
images/bluflame.gif,gif/bluflame.gif,bluflame.gif,bluflame.gif,moved
images/bug.png,png/bug.png,bug.png,bug.png,moved
images/buggirl.png,png/buggirl.png,buggirl.png,buggirl.png,moved
images/charigirl.png,png/charigirl.png,charigirl.png,charigirl.png,moved
images/d181.gif,gif/unknown-date-8c5589e8.gif,d181.gif,unknown-date-8c5589e8.gif,moved+renamed
images/da6.gif,gif/da6-1.gif,da6.gif,da6-1.gif,moved+renamed
images/deadgirl22.png,png/deadgirl22.png,deadgirl22.png,deadgirl22.png,moved
images/dementiahouse.png,png/dementiahouse.png,dementiahouse.png,dementiahouse.png,moved
images/derrr.gif,gif/derrr.gif,derrr.gif,derrr.gif,moved
images/dg2133.png,png/dg2133.png,dg2133.png,dg2133.png,moved
images/drare.gif,gif/drare.gif,drare.gif,drare.gif,moved
images/dreakm.gif,gif/dreakm.gif,dreakm.gif,dreakm.gif,moved
images/f56.gif,gif/unknown-date-99417cf2.gif,f56.gif,unknown-date-99417cf2.gif,moved+renamed
images/favicon.png,png/favicon.png,favicon.png,favicon.png,moved
images/feel.gif,gif/feel.gif,feel.gif,feel.gif,moved
images/firebins.gif,gif/firebins.gif,firebins.gif,firebins.gif,moved
images/fleur.gif,gif/fleur.gif,fleur.gif,fleur.gif,moved
images/floww.gif,gif/floww-1.gif,floww.gif,floww-1.gif,moved+renamed
images/freewareguide.gif,gif/freewareguide.gif,freewareguide.gif,freewareguide.gif,moved
images/furgun.gif,gif/furgun.gif,furgun.gif,furgun.gif,moved
images/g5.jpg,jpg/unknown-date-c2baa386.jpg,g5.jpg,unknown-date-c2baa386.jpg,moved+renamed
images/gallery/6.png,png/unknown-date-6a56f6de.png,6.png,unknown-date-6a56f6de.png,moved+renamed
images/gallery/abc13.jpg,jpg/abc13.jpg,abc13.jpg,abc13.jpg,moved
images/gallery/bert.jpg,jpg/bert.jpg,bert.jpg,bert.jpg,moved
images/gallery/ig.jpg,jpg/unknown-date-c724ea7e.jpg,ig.jpg,unknown-date-c724ea7e.jpg,moved+renamed
images/gallery/neo.png,png/neo.png,neo.png,neo.png,moved
images/gallery/stride.png,png/stride.png,stride.png,stride.png,moved
images/gallows.gif,gif/gallows.gif,gallows.gif,gallows.gif,moved
images/gun.gif,gif/gun.gif,gun.gif,gun.gif,moved
images/h00w.jpg,jpg/unknown-date-a8b310e6.jpg,h00w.jpg,unknown-date-a8b310e6.jpg,moved+renamed
images/hack2.png,png/hack2.png,hack2.png,hack2.png,moved
images/hime.jpg,jpg/hime.jpg,hime.jpg,hime.jpg,moved
images/hoho.jpg,jpg/hoho.jpg,hoho.jpg,hoho.jpg,moved
images/holy.gif,gif/holy.gif,holy.gif,holy.gif,moved
images/hururt.png,png/hururt.png,hururt.png,hururt.png,moved
images/iYVzPkX.gif,gif/iYVzPkX.gif,iYVzPkX.gif,iYVzPkX.gif,moved
images/iterum.png,png/iterum.png,iterum.png,iterum.png,moved
images/jap.gif,gif/jap.gif,jap.gif,jap.gif,moved
images/lopl.gif,gif/lopl.gif,lopl.gif,lopl.gif,moved
images/mgk.gif,gif/mgk.gif,mgk.gif,mgk.gif,moved
images/myhome.gif,gif/myhome.gif,myhome.gif,myhome.gif,moved
images/neetbabe.jpg,jpg/neetbabe.jpg,neetbabe.jpg,neetbabe.jpg,moved
images/neete.jpg,jpg/neete.jpg,neete.jpg,neete.jpg,moved
images/neetmeth.jpg,jpg/neetmeth.jpg,neetmeth.jpg,neetmeth.jpg,moved
images/neetmspaint.jpg,jpg/neetmspaint.jpg,neetmspaint.jpg,neetmspaint.jpg,moved
images/neetze.jpg,jpg/neetze.jpg,neetze.jpg,neetze.jpg,moved
images/nigx.jpg,jpg/nigx.jpg,nigx.jpg,nigx.jpg,moved
images/nrene.png,png/nrene.png,nrene.png,nrene.png,moved
images/ogflame.gif,gif/ogflame.gif,ogflame.gif,ogflame.gif,moved
images/oot.jpg,jpg/oot.jpg,oot.jpg,oot.jpg,moved
images/pixel_park_alley_by_vilco_det1zry-350t.jpg,jpg/pixel_park_alley_by_vilco_det1zry-350t.jpg,pixel_park_alley_by_vilco_det1zry-350t.jpg,pixel_park_alley_by_vilco_det1zry-350t.jpg,moved
images/rustknife.png,png/rustknife.png,rustknife.png,rustknife.png,moved
images/sadcelebi.jpg,jpg/sadcelebi.jpg,sadcelebi.jpg,sadcelebi.jpg,moved
images/scig.png,png/scig.png,scig.png,scig.png,moved
images/selen.gif,gif/selen.gif,selen.gif,selen.gif,moved
images/shadez.gif,gif/shadez.gif,shadez.gif,shadez.gif,moved
images/undertaker.png,png/undertaker.png,undertaker.png,undertaker.png,moved
images/xxasd.gif,gif/xxasd.gif,xxasd.gif,xxasd.gif,moved
images/yeet.gif,gif/yeet.gif,yeet.gif,yeet.gif,moved
images/yike116.gif,gif/yike116.gif,yike116.gif,yike116.gif,moved
index.html,html/index.html,index.html,index.html,moved
links.html,html/links.html,links.html,links.html,moved
neetroom.html,html/neetroom.html,neetroom.html,neetroom.html,moved
npc-tracker.html,html/npc-tracker.html,npc-tracker.html,npc-tracker.html,moved
oc/mee.jpg,jpg/mee.jpg,mee.jpg,mee.jpg,moved
oc/mel.png,png/mel.png,mel.png,mel.png,moved
oc/one.jpeg,jpg/one.jpeg,one.jpeg,one.jpeg,moved
oc/riku.jpg,jpg/riku.jpg,riku.jpg,riku.jpg,moved
oc/rustknife.png,png/rustknife-1.png,rustknife.png,rustknife-1.png,moved+renamed
planetb.gif,gif/planetb.gif,planetb.gif,planetb.gif,moved
plasma-widget.html,html/plasma-widget.html,plasma-widget.html,plasma-widget.html,moved
riku.jpg,jpg/riku-1.jpg,riku.jpg,riku-1.jpg,moved+renamed
rot13-terminal.html,html/rot13-terminal.html,rot13-terminal.html,rot13-terminal.html,moved
script.js,js/script.js,script.js,script.js,moved
sitemap.html,html/sitemap.html,sitemap.html,sitemap.html,moved
stalker.jpg,jpg/stalker.jpg,stalker.jpg,stalker.jpg,moved
style/style.css,css/style.css,style.css,style.css,moved
trippy.gif,gif/trippy.gif,trippy.gif,trippy.gif,moved
yorely.jpg,jpg/yorely.jpg,yorely.jpg,yorely.jpg,moved
